id,group,last_name,email,gender,color
1,Mittens,Gecks,,Female,Turquoise
2,Fluffy,Leslie,nleslie1@umn.edu,Male,Puce
3,Mittens,Nast,dnast2@spotify.com,Female,Teal
4,Fluffy,Rowney,prowney3@kickstarter.com,Male,Yellow
5,Whiskers,Marns,,Female,Green
6,Fluffy,Crat,ccrat5@telegraph.co.uk,Female,Crimson
7,Mittens,,ckevis6@spotify.com,Male,Green
8,Fluffy,Mannie,mmannie7@gnu.org,Male,
9,Mittens,Onge,jonge8@marriott.com,Male,Puce
10,Mittens,Crinion,acrinion9@elpais.com,Male,Red
11,Mittens,McCahill,jmccahilla@symantec.com,Male,Purple
12,Mittens,Gascoyen,mgascoyenb@cpanel.net,Female,
13,Mittens,Heaviside,aheavisidec@google.co.uk,Agender,Indigo
14,Fluffy,Chestney,,Female,Green
15,Mittens,Benard,jbenarde@uiuc.edu,Female,Khaki
16,Mittens,Semonin,jsemoninf@ovh.net,Bigender,Purple
17,Fluffy,Morman,tmormang@amazon.co.uk,Male,
18,Mittens,Habbema,khabbemah@zdnet.com,Female,Puce
19,Mittens,Spurdens,vspurdensi@theatlantic.com,Female,Crimson
20,Mittens,Vautin,jvautinj@google.com.au,Male,Purple
21,Whiskers,Scrowson,hscrowsonk@elpais.com,Male,Green
22,Fluffy,Ohlsen,aohlsenl@issuu.com,Male,Fuscia
23,Mittens,Dahler,idahlerm@typepad.com,Female,Teal
24,Mittens,Dundredge,sdundredgen@nyu.edu,Male,Puce
25,Mittens,Ridout,,Male,Mauv
26,Mittens,Janiszewski,,Non-binary,Crimson
27,Mittens,Thunder,tthunderq@surveymonkey.com,Male,Purple
28,Fluffy,Chalcot,tchalcotr@addthis.com,Female,Goldenrod
29,Mittens,Hartright,phartrights@narod.ru,Female,Maroon
30,Whiskers,Bikker,cbikkert@soup.io,Female,
31,Fluffy,Bescoby,lbescobyu@domainmarket.com,Female,Goldenrod
32,Whiskers,Szwandt,eszwandtv@fastcompany.com,Female,Crimson
33,Whiskers,,gembertonw@addtoany.com,Female,Blue
34,Fluffy,Roscher,lroscherx@examiner.com,Female,Indigo
35,Fluffy,Spowart,mspowarty@kickstarter.com,Female,Pink
36,Fluffy,Merryweather,cmerryweatherz@1und1.de,Male,Khaki
37,Fluffy,Akaster,gakaster10@loc.gov,Genderfluid,Mauv
38,Whiskers,Esherwood,lesherwood11@nytimes.com,Male,Puce
39,Whiskers,Kitt,akitt12@google.pl,Female,Khaki
40,Whiskers,Edmands,bedmands13@barnesandnoble.com,Polygender,Fuscia
41,Fluffy,Curnock,bcurnock14@samsung.com,Male,Turquoise
42,Fluffy,Yaakov,dyaakov15@flavors.me,Female,Puce
43,Mittens,Larwell,slarwell16@artisteer.com,Male,Mauv
44,Whiskers,,wbloomer17@pen.io,Female,Maroon
45,Mittens,Neames,rneames18@telegraph.co.uk,Male,Yellow
46,Whiskers,Rowbury,browbury19@w3.org,Male,Goldenrod
47,Fluffy,Killby,tkillby1a@shutterfly.com,Female,Yellow
48,Whiskers,,estilgo1b@usa.gov,,Orange
49,Whiskers,Albasini,lalbasini1c@stumbleupon.com,Female,Khaki
50,Fluffy,Pane,cpane1d@comsenz.com,Male,Khaki
51,Fluffy,Jellman,rjellman1e@google.ru,Male,Purple
52,Mittens,Maggi,bmaggi1f@nydailynews.com,Genderqueer,Violet
53,,Haughin,mhaughin1g@cnbc.com,Female,Purple
54,Fluffy,Drynan,rdrynan1h@shop-pro.jp,Male,Fuscia
55,Whiskers,Greasley,kgreasley1i@fotki.com,Female,Turquoise
56,Whiskers,Strugnell,fstrugnell1j@blogspot.com,Genderfluid,Mauv
57,Whiskers,Ellsbury,,Genderqueer,Pink
58,Whiskers,Sallan,gsallan1l@ftc.gov,Male,Goldenrod
59,Mittens,,xoldred1m@baidu.com,Female,Purple
60,Fluffy,,cjerschke1n@google.co.uk,Genderqueer,Goldenrod
61,Mittens,Ellum,jellum1o@technorati.com,Male,Red
62,Fluffy,Leckey,ileckey1p@admin.ch,Male,Purple
63,Fluffy,Priddie,hpriddie1q@cam.ac.uk,Male,Goldenrod
64,Whiskers,Puddan,bpuddan1r@prweb.com,Female,Turquoise
65,Whiskers,Gazey,agazey1s@eventbrite.com,Female,Turquoise
66,Whiskers,Temperley,ctemperley1t@imgur.com,Female,Violet
67,Fluffy,Ros,,Male,Pink
68,Whiskers,Novello,fnovello1v@globo.com,Male,Maroon
69,Whiskers,Zanotti,czanotti1w@dot.gov,Female,Mauv
70,Whiskers,Edgeller,bedgeller1x@java.com,Female,Goldenrod
71,,Zemler,,,Fuscia
72,Whiskers,Bromage,rbromage1z@paginegialle.it,Male,Yellow
73,Fluffy,Armell,karmell20@chron.com,Female,Aquamarine
74,Mittens,Paroni,fparoni21@geocities.com,Female,Violet
75,Whiskers,Lupson,klupson22@foxnews.com,Male,Puce
76,Mittens,Ingilson,pingilson23@usa.gov,,Goldenrod
77,Mittens,Snoad,ssnoad24@nytimes.com,,Aquamarine
78,Fluffy,Demchen,sdemchen25@typepad.com,Male,Mauv
79,Fluffy,,ibowling26@nyu.edu,Male,Khaki
80,Whiskers,,ocalam27@cbc.ca,Female,Red
81,Fluffy,Benazet,bbenazet28@utexas.edu,Female,Puce
82,,Ambroise,gambroise29@cdbaby.com,Female,Puce
83,Mittens,Mattea,dmattea2a@yolasite.com,Female,Violet
84,Fluffy,Georgescu,egeorgescu2b@instagram.com,Male,Violet
85,Fluffy,Hearse,thearse2c@fastcompany.com,,Khaki
86,Mittens,Bubbins,lbubbins2d@nih.gov,,Teal
87,Fluffy,Brakewell,ebrakewell2e@ucla.edu,Female,Green
88,,Brugger,mbrugger2f@squarespace.com,Female,Maroon
89,Mittens,Horstead,phorstead2g@intel.com,Female,Turquoise
90,,Cobbe,jcobbe2h@sfgate.com,Male,Khaki
91,Fluffy,Pybworth,spybworth2i@nih.gov,Female,Green
92,Mittens,Plenderleith,pplenderleith2j@google.com.au,Female,Indigo
93,Mittens,Harrismith,mharrismith2k@biblegateway.com,Male,Orange
94,Fluffy,Karpenya,jkarpenya2l@boston.com,Male,Orange
95,Mittens,Eisold,meisold2m@prweb.com,Female,Crimson
96,Fluffy,Paver,apaver2n@reverbnation.com,Male,Indigo
97,Fluffy,Jollye,sjollye2o@technorati.com,Male,Maroon
98,Mittens,Jodrelle,rjodrelle2p@berkeley.edu,Female,Goldenrod
99,Fluffy,Busse,kbusse2q@skype.com,Female,Goldenrod
100,Whiskers,Doggrell,kdoggrell2r@disqus.com,Female,Orange
101,Fluffy,Dunbavin,ddunbavin2s@cargocollective.com,Polygender,
102,Whiskers,McGorman,bmcgorman2t@is.gd,Male,Violet
103,Mittens,Kelemen,dkelemen2u@simplemachines.org,Female,Violet
104,Whiskers,Woodcroft,fwoodcroft2v@squarespace.com,Female,Maroon
105,Fluffy,Gillfillan,mgillfillan2w@vinaora.com,Female,Turquoise
106,Mittens,Keatley,ekeatley2x@altervista.org,Genderfluid,Puce
107,Whiskers,Maginn,bmaginn2y@gnu.org,Female,Khaki
108,Mittens,Ashforth,eashforth2z@eventbrite.com,Female,Goldenrod
109,Fluffy,Lathee,clathee30@wufoo.com,Male,
110,Mittens,Gilbody,wgilbody31@apache.org,Male,Puce
111,Mittens,Banghe,mbanghe32@joomla.org,,Red
112,Whiskers,Zannelli,hzannelli33@ovh.net,Male,Puce
113,Whiskers,McMullen,lmcmullen34@prnewswire.com,Male,Orange
114,Fluffy,Brandenburg,dbrandenburg35@narod.ru,Male,Goldenrod
115,Fluffy,Bowick,ibowick36@friendfeed.com,Female,Khaki
116,,Filov,mfilov37@guardian.co.uk,Female,Purple
117,Fluffy,Tomicki,jtomicki38@qq.com,Female,Violet
118,Mittens,Stranio,gstranio39@google.com,Male,Blue
119,Mittens,Pragnall,vpragnall3a@mapy.cz,Non-binary,Yellow
120,Whiskers,Guesford,rguesford3b@rediff.com,Female,Green
121,Whiskers,,arumble3c@about.me,,Teal
122,Whiskers,Spinnace,tspinnace3d@tiny.cc,Genderfluid,Khaki
123,Mittens,Zellner,szellner3e@harvard.edu,Female,Pink
124,Mittens,MacIan,cmacian3f@noaa.gov,Female,Yellow
125,Mittens,Godfree,sgodfree3g@comcast.net,Female,Red
126,Fluffy,Sizeland,bsizeland3h@shutterfly.com,Bigender,Yellow
127,Mittens,Depke,hdepke3i@moonfruit.com,Female,
128,Fluffy,O'Towey,dotowey3j@nsw.gov.au,Male,Khaki
129,Whiskers,Grellier,ggrellier3k@opensource.org,Female,Fuscia
130,Mittens,Hundal,ehundal3l@delicious.com,Male,Aquamarine
131,Fluffy,Henrot,jhenrot3m@hatena.ne.jp,Female,Blue
132,Fluffy,Rapi,krapi3n@amazon.co.uk,,Yellow
133,Fluffy,Coade,ccoade3o@wufoo.com,,Teal
134,Mittens,Sango,msango3p@prweb.com,Female,Khaki
135,Fluffy,Connah,econnah3q@de.vu,Female,Violet
136,Fluffy,Chatin,hchatin3r@mapy.cz,Male,Green
137,Fluffy,Fance,jfance3s@ovh.net,Male,Orange
138,Mittens,Beckett,gbeckett3t@is.gd,Male,Puce
139,Fluffy,De Cruz,cdecruz3u@a8.net,Male,Blue
140,Mittens,Seleway,jseleway3v@netvibes.com,Male,Crimson
141,Mittens,,dleckie3w@npr.org,Male,Red
142,Whiskers,Kindall,ekindall3x@goodreads.com,Female,Yellow
143,Mittens,Richie,jrichie3y@angelfire.com,Female,Indigo
144,Whiskers,Leakner,mleakner3z@thetimes.co.uk,Male,Green
145,Whiskers,Cornels,mcornels40@nhs.uk,Male,Turquoise
146,,Branni,lbranni41@privacy.gov.au,Male,Pink
147,Fluffy,Mandrake,rmandrake42@skype.com,Male,Pink
148,Fluffy,Huckabe,chuckabe43@craigslist.org,Female,Aquamarine
149,Mittens,Daborn,bdaborn44@webmd.com,Female,Teal
150,Whiskers,Gamell,tgamell45@t-online.de,Female,Indigo
151,Mittens,Wales,lwales46@dailymail.co.uk,Polygender,Goldenrod
152,Mittens,Rhelton,brhelton47@cnbc.com,Bigender,Turquoise
153,Mittens,,ccantor48@patch.com,Female,Puce
154,Mittens,Rawcliff,jrawcliff49@rediff.com,Female,Goldenrod
155,Mittens,Stirton,rstirton4a@reference.com,Female,Purple
156,Whiskers,Shann,cshann4b@stanford.edu,Male,Crimson
157,Whiskers,Cheshir,bcheshir4c@imgur.com,Male,Orange
158,Fluffy,Blazewicz,nblazewicz4d@fda.gov,Male,Orange
159,Whiskers,Bernardinelli,tbernardinelli4e@google.fr,Female,Indigo
160,Fluffy,Brayley,hbrayley4f@webs.com,,Green
161,Whiskers,Helversen,shelversen4g@ameblo.jp,Female,Puce
162,Fluffy,,ljowett4h@jimdo.com,Female,Aquamarine
163,Fluffy,Eldridge,yeldridge4i@marriott.com,,Pink
164,Whiskers,Heiden,bheiden4j@bloomberg.com,Male,Purple
165,Whiskers,O'Dowd,fodowd4k@blogtalkradio.com,Agender,Puce
166,Fluffy,Gullivent,tgullivent4l@imdb.com,Female,Turquoise
167,Whiskers,Houlson,phoulson4m@t.co,Genderqueer,Orange
168,Whiskers,Elles,telles4n@meetup.com,Male,Aquamarine
169,Whiskers,Hoggan,,Male,Mauv
170,Mittens,Liddiard,mliddiard4p@networkadvertising.org,Female,Yellow
171,Fluffy,Popescu,gpopescu4q@myspace.com,Bigender,Orange
172,Mittens,O'Drought,kodrought4r@fc2.com,Male,Puce
173,Mittens,Mannie,bmannie4s@infoseek.co.jp,Female,Violet
174,,Pamment,tpamment4t@webs.com,Male,Yellow
175,Fluffy,McBain,vmcbain4u@networkadvertising.org,Male,Yellow
176,Fluffy,Hansberry,rhansberry4v@reddit.com,Female,Red
177,Fluffy,Goolding,cgoolding4w@weebly.com,Female,Blue
178,Fluffy,MacKellen,nmackellen4x@bloglovin.com,Female,Violet
179,Mittens,Diegan,mdiegan4y@businesswire.com,Male,Teal
180,Mittens,Jeger,sjeger4z@techcrunch.com,Male,Fuscia
181,Fluffy,Pietz,dpietz50@sohu.com,Male,Pink
182,Mittens,Zamboniari,lzamboniari51@cam.ac.uk,,Fuscia
183,Mittens,Fearne,hfearne52@chicagotribune.com,Female,Pink
184,Mittens,,mphillpotts53@msn.com,Male,Indigo
185,Mittens,Kerswell,hkerswell54@vimeo.com,Female,
186,Fluffy,Gilyott,kgilyott55@multiply.com,Female,Pink
187,Mittens,Lazenbury,glazenbury56@mayoclinic.com,Male,Turquoise
188,Mittens,,fandri57@buzzfeed.com,Female,Teal
189,Whiskers,Baughen,jbaughen58@amazon.de,Female,Aquamarine
190,Fluffy,Scolding,oscolding59@angelfire.com,Female,Khaki
191,Fluffy,Ghio,sghio5a@irs.gov,Male,Turquoise
192,Fluffy,Rittmeier,erittmeier5b@google.it,Agender,Green
193,Whiskers,,lpideon5c@etsy.com,Female,Red
194,Whiskers,Hammill,rhammill5d@mtv.com,Male,
195,Whiskers,Shellibeer,mshellibeer5e@dion.ne.jp,Female,
196,Fluffy,Wildsmith,cwildsmith5f@rambler.ru,Male,Maroon
197,Mittens,,sguyonnet5g@goo.ne.jp,Non-binary,Crimson
198,Whiskers,Brownsill,fbrownsill5h@cafepress.com,,Khaki
199,Whiskers,Matushenko,,Bigender,Purple
200,Whiskers,Mylan,smylan5j@quantcast.com,Female,Goldenrod
